location_id,day_of_week,start_time,end_time
C001,2,18:30,21:30
C001,3,08:30,11:30
C001,3,13:30,17:00
C001,5,08:30,11:30
C001,5,13:30,17:00
C001,6,08:00,21:00
C001,7,08:00,21:00
C002,2,16:07,17:42
C002,4,18:30,21:30
C002,6,08:00,21:00
C002,7,13:27,18:25
C003,1,18:30,21:30
C003,2,14:33,17:39
C003,3,08:30,11:30
C003,3,13:30,17:00
C003,4,17:06,19:15
C003,5,08:30,11:30
C003,5,13:30,17:00
C003,6,08:00,21:00
C003,7,08:00,21:00
C004,1,08:30,11:30
C004,1,13:30,17:00
C005,1,18:30,21:30
C005,2,08:30,11:30
C005,2,13:30,17:00
C005,3,18:30,21:30
C005,5,18:30,21:30
C006,1,08:30,11:30
C006,1,13:30,17:00
C006,2,18:30,21:30
C006,3,18:30,21:30
C006,5,18:30,21:30
C007,2,18:30,21:30
C007,6,08:50,13:56
C007,7,12:31,16:18
C008,2,07:14,10:30
C008,3,18:30,21:30
C008,6,07:58,12:18
C009,1,18:30,21:30
C009,2,18:52,21:36
C009,4,18:30,21:30
C009,5,08:30,11:30
C009,5,13:30,17:00
C010,1,18:30,21:30
C010,3,18:30,21:30
C010,4,08:30,11:30
C010,4,13:30,17:00
C010,5,13:30,14:55
C011,2,18:42,20:23
C011,4,18:30,21:30
C011,5,08:30,11:30
C011,5,13:30,17:00
C011,6,13:44,17:00
C012,1,08:49,12:29
C012,2,08:30,11:30
C012,2,13:30,17:00
C012,3,08:23,10:56
C012,4,08:30,11:30
C012,4,13:30,17:00
C012,5,18:30,21:30
C012,6,08:00,21:00
C012,7,09:39,12:41
C013,1,18:30,21:30
C013,3,10:50,14:44
C013,4,18:30,21:30
C013,5,18:30,21:30
C013,6,08:00,21:00
C013,7,13:47,16:16
C014,1,08:30,11:30
C014,1,13:30,17:00
C014,4,18:30,21:30
C014,5,08:30,11:30
C014,5,13:30,17:00
C014,6,10:38,13:46
C015,2,08:30,11:30
C015,2,13:30,17:00
C015,3,12:11,14:35
C015,4,17:09,18:12
C015,5,08:30,11:30
C015,5,13:30,17:00
C015,6,10:14,13:09
C015,7,08:00,21:00
C016,1,18:30,21:30
C016,2,08:30,11:30
C016,2,13:30,17:00
C016,6,13:42,16:07
C016,7,08:00,21:00
C017,1,18:30,21:30
C017,2,18:30,21:30
C017,3,18:30,21:30
C017,5,08:30,11:30
C017,5,13:30,17:00
C018,2,18:30,21:30
C018,3,18:30,21:30
C018,4,18:30,21:30
C019,3,13:57,17:17
C019,7,11:18,16:24
C020,1,18:30,21:30
C020,3,18:30,21:30
C021,4,18:30,21:30
C021,6,08:00,21:00
C021,7,10:25,15:01
C022,1,08:30,11:30
C022,1,13:30,17:00
C022,2,08:30,11:30
C022,2,13:30,17:00
C022,4,08:30,11:30
C022,4,13:30,17:00
C022,6,08:00,21:00
C022,7,08:11,13:23
C023,1,18:30,21:30
C023,2,18:30,21:30
C023,3,08:30,11:30
C023,3,13:30,17:00
C023,5,13:12,15:40
C024,1,18:30,21:30
C024,5,16:48,20:05
C024,6,08:00,21:00
C024,7,08:00,21:00
C025,3,11:19,14:39
C025,4,18:30,21:30
C025,6,07:02,11:54
C026,1,08:30,11:30
C026,1,13:30,17:00
C026,2,18:30,21:30
C026,3,18:30,21:30
C026,4,15:51,19:11
C026,5,08:30,11:30
C026,5,13:30,17:00
C026,6,11:47,14:55
C026,7,07:18,09:43
C027,1,16:42,18:17
C027,2,10:28,13:26
C027,3,18:30,21:30
C027,4,08:30,11:30
C027,4,13:30,17:00
C027,5,18:33,20:15
C027,6,08:42,10:55
C027,7,13:46,19:28
C028,1,08:30,11:30
C028,1,13:30,17:00
C028,2,08:30,11:30
C028,2,13:30,17:00
C028,4,18:30,21:30
C028,6,10:39,16:34
C028,7,08:00,21:00
C029,3,14:06,16:28
C030,1,08:30,11:30
C030,1,13:30,17:00
C030,2,18:30,21:30
C030,4,18:30,21:30
C030,6,08:00,21:00
C030,7,08:00,21:00
C031,2,18:30,21:30
C031,3,18:30,21:30
C031,4,18:30,21:30
C032,2,08:30,11:30
C032,2,13:30,17:00
C032,3,18:30,21:30
C032,4,08:30,11:30
C032,4,13:30,17:00
C032,6,12:57,16:57
C033,1,18:30,21:30
C033,3,18:30,21:30
C033,4,08:30,11:30
C033,4,13:30,17:00
C033,7,08:00,21:00
C034,1,12:23,15:41
C034,2,08:30,11:30
C034,2,13:30,17:00
C034,4,18:30,21:30
C034,6,09:20,11:22
C034,7,08:00,21:00
C035,3,18:30,21:30
C035,4,18:30,21:30
C035,6,07:17,11:01
C035,7,08:00,21:00
C036,2,18:30,21:30
C036,7,08:00,21:00
C037,1,08:30,11:30
C037,1,13:30,17:00
C037,2,08:30,11:30
C037,2,13:30,17:00
C037,3,11:26,13:56
C037,4,10:39,13:24
C037,6,09:41,13:02
C037,7,08:00,21:00
C038,2,08:30,11:30
C038,2,13:30,17:00
C038,3,18:30,21:30
C038,4,18:30,21:30
C038,5,08:30,11:30
C038,5,13:30,17:00
C039,1,12:31,16:07
C039,4,08:30,11:30
C039,4,13:30,17:00
C039,5,18:30,21:30
C039,7,09:55,15:47
C040,1,08:30,11:30
C040,1,13:30,17:00
C040,2,08:30,11:30
C040,2,13:30,17:00
C040,3,08:30,11:30
C040,3,13:30,17:00
C040,4,18:30,21:30
C040,5,10:11,13:57
C040,6,08:40,10:48
C040,7,08:00,21:00
C041,5,18:30,21:30
C042,1,18:30,21:30
C042,3,13:17,15:19
C042,4,17:49,19:42
C042,7,08:00,21:00
C043,2,14:39,16:32
C043,6,08:00,21:00
C043,7,08:00,21:00
C044,1,18:30,21:30
C044,2,18:30,21:30
C044,3,08:30,11:30
C044,3,13:30,17:00
C044,5,18:30,21:30
C045,1,08:30,11:30
C045,1,13:30,17:00
C045,2,08:30,11:30
C045,2,13:30,17:00
C045,3,18:30,21:30
C045,4,18:30,21:30
C045,5,07:01,08:51
C045,6,08:00,21:00
C045,7,11:05,16:13
C046,2,18:30,21:30
C046,4,08:30,11:30
C046,4,13:30,17:00
C046,5,18:30,21:30
C047,1,18:30,21:30
C048,1,18:30,21:30
C048,3,08:57,09:57
C049,1,18:30,21:30
C049,3,18:30,21:30
C049,4,08:30,11:30
C049,4,13:30,17:00
C049,5,18:30,21:30
C050,1,08:30,11:30
C050,1,13:30,17:00
C050,2,18:30,21:30
C050,3,08:30,11:30
C050,3,13:30,17:00
C050,4,08:30,11:30
C050,4,13:30,17:00
C050,6,08:00,21:00
C051,4,08:30,11:30
C051,4,13:30,17:00
C051,7,08:00,21:00
C052,1,18:30,21:30
C052,2,08:30,11:30
C052,2,13:30,17:00
C052,3,18:30,21:30
C052,4,08:46,11:32
C052,7,08:00,21:00
C053,4,18:30,21:30
C053,7,07:38,13:09
C054,1,18:30,21:30
C054,4,08:30,11:30
C054,4,13:30,17:00
C054,6,08:00,21:00
C054,7,08:00,21:00
C055,2,18:30,21:30
C055,3,11:18,13:51
C055,5,18:30,21:30
C055,6,11:36,15:10
C056,2,08:30,11:30
C056,2,13:30,17:00
C056,3,14:45,16:53
C056,4,08:30,11:30
C056,4,13:30,17:00
C056,5,08:30,11:30
C056,5,13:30,17:00
C056,6,08:00,21:00
C057,1,18:51,20:58
C057,2,08:30,11:30
C057,2,13:30,17:00
C058,2,18:30,21:30
C058,5,18:30,21:30
C058,6,08:00,21:00
C059,1,18:30,21:30
C059,2,18:30,21:30
C059,3,18:30,21:30
C059,5,08:30,11:30
C059,5,13:30,17:00
C059,6,11:42,15:40
C060,6,11:07,13:24
C060,7,08:00,21:00
C061,1,08:30,11:30
C061,1,13:30,17:00
C061,3,08:30,11:30
C061,3,13:30,17:00
C061,4,18:30,21:30
C062,2,08:30,11:30
C062,2,13:30,17:00
C062,4,18:30,21:30
C062,6,08:00,21:00
C063,1,08:30,11:30
C063,1,13:30,17:00
C063,2,07:02,10:21
C063,3,18:30,21:30
C064,1,18:30,21:30
C064,2,18:30,21:30
C064,5,18:30,21:30
C064,7,07:00,10:17
C065,3,18:30,21:30
C065,5,15:10,17:11
C065,6,08:00,21:00
C065,7,08:00,21:00
C066,1,08:30,11:30
C066,1,13:30,17:00
C066,2,18:30,21:30
C066,3,18:30,21:30
C066,5,08:30,11:30
C066,5,13:30,17:00
C066,7,08:00,21:00
C067,1,18:30,21:30
C067,2,08:30,11:30
C067,2,13:30,17:00
C067,3,18:30,21:30
C067,4,15:57,19:11
C067,5,12:26,15:01
C067,7,08:12,11:24
C068,1,08:30,11:30
C068,1,13:30,17:00
C068,2,18:30,21:30
C068,3,18:30,21:30
C068,4,08:30,11:30
C068,4,13:30,17:00
C068,5,08:30,11:30
C068,5,13:30,17:00
C068,6,08:00,21:00
C068,7,08:00,21:00
C069,1,08:30,11:30
C069,1,13:30,17:00
C069,2,15:53,17:29
C070,1,08:30,11:30
C070,1,13:30,17:00
C070,2,18:30,21:30
C070,5,18:32,21:21
C070,7,08:00,21:00
C071,1,18:27,22:13
C071,2,18:13,22:09
C071,3,08:30,11:30
C071,3,13:30,17:00
C071,4,08:15,10:41
C071,5,18:30,21:30
C071,6,11:26,14:35
C072,1,08:30,11:30
C072,1,13:30,17:00
C072,4,09:48,11:12
C072,5,14:15,15:35
C073,1,18:30,21:30
C073,6,08:44,11:48
C073,7,08:33,13:12
C074,1,07:17,11:16
C074,4,18:30,21:30
C075,1,15:10,18:39
C075,2,18:14,20:28
C075,3,08:30,11:30
C075,3,13:30,17:00
C075,4,09:00,11:28
C075,6,08:52,11:26
C076,1,08:11,09:17
C076,2,08:30,11:30
C076,2,13:30,17:00
C076,3,18:30,21:30
C076,4,10:13,13:41
C076,5,08:30,11:30
C076,5,13:30,17:00
C076,7,08:00,21:00
C077,1,18:30,21:30
C077,3,18:32,19:53
C077,5,18:30,21:30
C078,1,18:26,22:21
C078,3,12:27,14:01
C079,3,18:30,21:30
C079,6,08:00,21:00
C080,2,18:30,21:30
C080,3,08:30,11:30
C080,3,13:30,17:00
C080,4,18:30,21:30
C080,5,08:30,11:30
C080,5,13:30,17:00
C081,2,18:30,21:30
C081,3,18:30,21:30
C081,4,18:30,21:30
C081,5,18:30,21:30
C082,1,08:30,11:30
C082,1,13:30,17:00
C082,7,11:53,14:16
C083,4,12:18,13:25
C083,5,18:30,21:30
C084,1,18:30,21:30
C084,2,18:30,21:30
C084,3,18:30,21:30
C084,4,08:30,11:30
C084,4,13:30,17:00
C084,5,18:30,21:30
C084,6,08:00,21:00
C084,7,08:00,21:00
C085,1,18:30,21:30
C085,2,18:30,21:30
C085,3,18:30,21:30
C085,5,08:30,11:30
C085,5,13:30,17:00
C086,3,18:30,21:30
C086,5,17:09,19:19
C086,6,13:26,17:44
C087,6,08:00,21:00
C088,3,08:47,11:16
C089,1,08:30,11:30
C089,1,13:30,17:00
C089,2,18:30,21:30
C089,3,15:45,18:34
C089,6,08:00,21:00
C090,3,18:30,21:30
C090,4,08:30,11:30
C090,4,13:30,17:00
C090,7,08:00,21:00
C091,1,18:30,21:30
C091,2,08:30,11:30
C091,2,13:30,17:00
C091,4,08:30,11:30
C091,4,13:30,17:00
C091,5,09:56,11:10
C092,1,14:55,16:02
C092,2,18:30,21:30
C092,4,11:39,12:47
C092,7,12:19,17:39
C093,2,18:30,21:30
C093,5,10:27,12:22
C094,2,11:20,15:09
C094,7,08:00,21:00
C095,1,18:30,21:30
C095,2,18:30,21:30
C095,3,08:30,11:30
C095,3,13:30,17:00
C095,4,08:30,11:30
C095,4,13:30,17:00
C095,5,18:30,21:30
C096,2,18:30,21:30
C096,6,08:00,21:00
C097,2,14:29,18:19
C097,6,08:00,21:00
C098,3,08:30,11:30
C098,3,13:30,17:00
C098,5,18:30,21:30
C099,1,18:30,21:30
C099,3,08:11,10:38
C100,1,08:30,11:30
C100,1,13:30,17:00
C100,3,18:30,21:30
C100,5,15:38,18:34
C100,7,13:19,17:01
C101,1,08:30,11:30
C101,1,13:30,17:00
C101,4,08:30,11:30
C101,4,13:30,17:00
C101,5,18:30,21:30
C101,6,09:26,11:57
C102,3,18:30,21:30
C102,6,08:00,21:00
C103,1,18:30,21:30
C103,2,08:30,11:30
C103,2,13:30,17:00
C103,3,18:30,21:30
C103,4,13:58,17:12
C103,5,09:28,11:48
C103,7,08:56,11:53
C104,2,18:30,21:30
C104,3,18:30,21:30
C104,5,08:30,11:30
C104,5,13:30,17:00
C105,2,11:18,13:40
C105,3,18:30,21:30
C105,4,18:30,21:30
C105,5,18:30,21:30
C105,6,08:00,21:00
C105,7,13:55,16:21
C106,3,08:30,11:30
C106,3,13:30,17:00
C106,5,12:10,14:12
C107,1,18:30,21:30
C107,5,08:30,11:30
C107,5,13:30,17:00
C107,6,08:00,21:00
C107,7,12:23,14:56
C108,1,08:30,11:30
C108,1,13:30,17:00
C108,3,13:56,16:04
C108,4,17:05,18:43
C108,5,18:30,21:30
C109,1,18:30,21:30
C109,2,18:30,21:30
C109,3,08:30,11:30
C109,3,13:30,17:00
C109,4,08:30,11:30
C109,4,13:30,17:00
C109,5,08:58,11:12
C109,6,08:00,21:00
C109,7,07:30,10:29
C110,1,09:32,13:15
C110,3,14:38,16:25
C110,4,18:30,21:30
C110,5,08:30,11:30
C110,5,13:30,17:00
C110,6,08:00,21:00
C111,1,14:22,17:55
C111,6,07:30,10:24
C112,7,13:49,17:34
C113,1,18:30,21:30
C113,2,18:30,21:30
C113,3,18:31,22:15
C113,4,08:30,11:30
C113,4,13:30,17:00
C113,5,18:30,21:30
C113,7,08:00,21:00
C114,1,09:39,10:55
C114,2,08:30,11:30
C114,2,13:30,17:00
C114,3,08:30,11:30
C114,3,13:30,17:00
C114,4,08:30,11:30
C114,4,13:30,17:00
C114,6,12:27,15:39
C115,1,18:30,21:30
C115,2,18:30,21:30
C115,3,16:00,17:05
C115,4,08:30,11:30
C115,4,13:30,17:00
C115,7,08:00,21:00
C116,2,18:30,21:30
C116,3,08:30,11:30
C116,3,13:30,17:00
C116,4,08:30,11:30
C116,4,13:30,17:00
C116,6,13:29,17:36
C116,7,08:00,21:00
C117,1,09:02,12:44
C117,3,16:54,18:53
C117,4,18:30,21:30
C118,3,07:26,10:19
C118,6,09:09,13:42
C119,1,18:30,21:30
C119,2,15:16,17:15
C119,4,08:30,11:30
C119,4,13:30,17:00
C119,6,08:00,21:00
C120,1,08:30,11:30
C120,1,13:30,17:00
C120,3,08:30,11:30
C120,3,13:30,17:00
C120,4,08:30,11:30
C120,4,13:30,17:00
C120,5,08:30,11:30
C120,5,13:30,17:00
C120,6,08:00,21:00
C121,4,08:30,11:30
C121,4,13:30,17:00
C121,5,18:30,21:30
C121,7,08:00,21:00
C122,1,11:01,13:29
C122,2,08:30,11:30
C122,2,13:30,17:00
C122,3,18:30,21:30
C122,4,18:30,21:30
C122,6,08:00,21:00
C122,7,08:00,21:00
C123,1,08:30,11:30
C123,1,13:30,17:00
C123,3,08:30,11:30
C123,3,13:30,17:00
C123,4,08:30,11:30
C123,4,13:30,17:00
C123,5,08:30,11:30
C123,5,13:30,17:00
C123,7,09:31,15:30
C124,5,08:30,11:30
C124,5,13:30,17:00
C124,6,09:15,12:03
C125,1,18:30,21:30
C125,4,18:30,21:30
C125,5,08:30,11:30
C125,5,13:30,17:00
C125,6,08:00,21:00
C126,1,18:48,21:27
C126,2,18:30,21:30
C126,4,08:30,11:30
C126,4,13:30,17:00
C126,5,18:30,21:30
C126,6,08:00,21:00
C127,2,14:31,18:11
C127,4,18:30,21:30
C127,5,11:02,13:40
C127,6,08:00,21:00
C128,2,18:30,21:30
C128,4,18:30,21:30
C129,3,18:30,21:30
C129,4,18:30,21:30
C129,5,18:30,21:30
C129,6,08:00,21:00
C129,7,08:00,21:00
C130,2,08:30,11:30
C130,2,13:30,17:00
C130,4,09:21,13:04
C131,1,08:30,11:30
C131,1,13:30,17:00
C131,2,08:30,11:30
C131,2,13:30,17:00
C131,3,13:17,15:42
C131,4,18:30,21:30
C131,5,08:33,11:44
C131,6,08:00,21:00
C131,7,08:00,21:00
C132,2,08:30,11:30
C132,2,13:30,17:00
C132,5,08:29,10:15
C133,1,08:40,10:31
C133,2,08:30,11:30
C133,2,13:30,17:00
C133,4,08:30,11:30
C133,4,13:30,17:00
C133,5,08:30,11:30
C133,5,13:30,17:00
C133,7,08:19,10:46
C134,1,18:30,21:30
C134,2,18:30,21:30
C134,3,08:30,11:30
C134,3,13:30,17:00
C134,4,08:30,11:30
C134,4,13:30,17:00
C134,5,18:30,21:30
C134,6,08:00,21:00
C135,2,18:30,21:30
C135,4,08:30,11:30
C135,4,13:30,17:00
C135,5,10:53,11:57
C136,1,18:30,21:30
C136,3,18:30,21:30
C136,5,09:16,10:18
C136,6,08:00,21:00
C137,1,18:30,21:30
C137,2,18:30,21:30
C137,3,15:45,18:15
C137,4,18:41,20:27
C137,5,08:30,11:30
C137,5,13:30,17:00
C137,7,08:00,21:00
C138,1,18:30,21:30
C138,3,18:30,21:30
C138,4,18:30,21:30
C139,2,12:09,14:10
C139,3,18:30,21:30
C139,5,18:30,21:30
C140,2,18:30,21:30
C140,3,18:30,21:30
C140,4,08:30,11:30
C140,4,13:30,17:00
C140,5,08:30,11:30
C140,5,13:30,17:00
C140,7,08:00,21:00
C141,5,18:30,21:30
C142,4,18:30,21:30
C142,5,07:48,11:05
C142,6,10:21,15:55
C143,2,08:30,11:30
C143,2,13:30,17:00
C143,4,08:30,11:30
C143,4,13:30,17:00
C143,6,12:37,17:01
C144,1,08:30,11:30
C144,1,13:30,17:00
C144,2,08:30,11:30
C144,2,13:30,17:00
C144,3,18:30,21:30
C144,5,18:30,21:30
C144,6,08:00,21:00
C144,7,08:00,21:00
C145,4,13:56,17:26
C145,6,08:00,21:00
C146,2,18:30,21:30
C146,3,08:30,11:30
C146,3,13:30,17:00
C146,5,18:30,21:30
C146,7,08:00,21:00
C147,2,18:30,21:30
C147,3,08:30,11:30
C147,3,13:30,17:00
C147,6,08:00,21:00
C147,7,08:48,12:43
C148,2,18:30,21:30
C148,3,17:18,19:03
C148,4,18:30,21:30
C148,5,08:30,11:30
C148,5,13:30,17:00
C148,6,08:00,21:00
C148,7,10:07,12:29
C149,1,18:30,21:30
C149,2,18:30,21:30
C149,3,18:30,21:30
C149,4,18:30,21:30
C149,5,18:30,21:30
C149,6,07:07,10:37
C149,7,08:00,21:00
C150,1,18:30,21:30
C150,2,18:30,21:30
C150,3,07:21,09:52
C150,4,08:30,11:30
C150,4,13:30,17:00
C150,5,08:30,11:30
C150,5,13:30,17:00
C150,6,11:08,16:30
C150,7,07:18,09:26
C151,2,18:30,21:30
C151,3,15:32,18:49
C151,4,18:30,21:30
C151,7,08:09,12:58
C152,1,10:45,14:01
C152,2,18:30,21:30
C152,4,18:30,21:30
C152,7,08:00,21:00
C153,1,18:30,21:30
C153,2,16:53,19:22
C153,3,17:06,18:11
C154,4,18:30,21:30
C155,1,18:30,21:30
C155,4,08:30,11:30
C155,4,13:30,17:00
C155,5,08:30,11:30
C155,5,13:30,17:00
C156,1,18:30,21:30
C157,1,08:20,11:19
C157,2,18:30,21:30
C157,3,18:30,21:30
C157,5,18:30,21:30
C157,7,08:00,21:00
C158,4,08:10,09:52
C158,5,18:30,21:30
C158,7,08:00,21:00
C159,1,18:30,21:30
C159,3,18:39,20:25
C159,5,18:30,21:30
C159,6,08:00,21:00
C159,7,08:00,21:00
C160,1,13:28,16:30
C160,2,12:59,15:14
C160,3,18:30,21:30
C160,4,18:30,21:30
C160,5,18:30,21:30
C161,1,08:30,11:30
C161,1,13:30,17:00
C161,2,07:42,11:11
C161,3,18:30,21:30
C161,4,08:30,11:30
C161,4,13:30,17:00
C161,5,07:42,10:27
C161,6,09:53,13:37
C162,1,18:30,21:30
C162,3,08:30,11:30
C162,3,13:30,17:00
C162,4,08:30,11:30
C162,4,13:30,17:00
C162,5,16:34,19:26
C162,6,08:00,21:00
C163,3,08:30,11:30
C163,3,13:30,17:00
C163,4,11:33,14:19
C163,5,18:30,21:30
C163,7,08:00,21:00
C164,1,11:34,14:04
C164,2,18:30,21:30
C164,3,08:30,11:30
C164,3,13:30,17:00
C164,5,08:30,11:30
C164,5,13:30,17:00
C164,6,11:00,13:26
C164,7,08:00,21:00
C165,1,15:08,17:37
C165,2,08:30,11:30
C165,2,13:30,17:00
C165,3,12:58,16:27
C165,4,18:30,21:30
C165,5,14:54,18:42
C165,6,08:00,21:00
C165,7,13:09,17:00
C166,3,18:30,21:30
C166,4,18:30,21:30
C166,7,09:02,14:40
C167,1,08:30,11:30
C167,1,13:30,17:00
C167,2,08:30,11:30
C167,2,13:30,17:00
C168,2,08:30,11:30
C168,2,13:30,17:00
C168,3,18:30,21:30
C168,4,18:30,21:30
C169,1,08:30,11:30
C169,1,13:30,17:00
C169,2,08:30,11:30
C169,2,13:30,17:00
C169,3,08:30,11:30
C169,3,13:30,17:00
C169,4,18:30,21:30
C170,2,08:30,11:30
C170,2,13:30,17:00
C170,5,18:08,19:30
C171,1,18:30,21:30
C171,2,08:30,11:30
C171,2,13:30,17:00
C171,3,16:21,19:18
C171,4,18:30,21:30
C171,6,10:28,12:49
C171,7,08:00,21:00
C172,1,18:30,21:30
C172,2,18:30,21:30
C172,3,18:03,21:30
C172,4,08:30,11:30
C172,4,13:30,17:00
C172,5,18:30,21:30
C172,6,08:00,21:00
C172,7,10:54,16:11
C173,1,18:30,21:30
C173,2,18:30,21:30
C173,4,08:30,11:30
C173,4,13:30,17:00
C173,5,18:30,21:30
C173,6,08:00,21:00
C173,7,08:00,21:00
C174,1,11:04,14:15
C174,6,07:02,11:41
C175,1,18:30,21:30
C175,2,08:30,11:30
C175,2,13:30,17:00
C175,3,18:30,21:30
C175,4,18:30,21:30
C175,5,11:41,15:22
C175,6,08:00,21:00
C176,1,08:30,11:30
C176,1,13:30,17:00
C176,2,18:30,21:30
C176,3,13:59,17:32
C176,5,18:30,21:30
C177,1,09:49,13:46
C177,3,09:08,10:37
C177,6,10:48,12:55
C178,1,10:43,12:24
C178,2,08:30,11:30
C178,2,13:30,17:00
C178,5,07:52,09:36
C179,2,08:30,11:30
C179,2,13:30,17:00
C179,4,18:30,21:30
C179,5,08:30,11:30
C179,5,13:30,17:00
C180,2,18:30,21:30
C180,3,18:30,21:30
C180,5,18:30,21:30
C180,6,08:00,21:00
C180,7,10:44,13:25
C181,1,08:30,11:30
C181,1,13:30,17:00
C181,2,08:30,11:30
C181,2,13:30,17:00
C181,3,17:52,21:28
C181,4,08:30,11:30
C181,4,13:30,17:00
C181,5,08:30,11:30
C181,5,13:30,17:00
C182,1,10:24,11:53
C182,2,09:37,13:16
C182,4,08:30,11:30
C182,4,13:30,17:00
C182,5,08:30,11:30
C182,5,13:30,17:00
C182,6,08:00,21:00
C182,7,08:00,21:00
C183,3,08:30,11:30
C183,3,13:30,17:00
C183,6,08:00,21:00
C184,2,08:30,11:30
C184,2,13:30,17:00
C184,3,07:06,09:34
C184,4,18:30,21:30
C184,5,18:30,21:30
C184,6,08:00,21:00
C185,1,18:30,21:30
C185,2,18:30,21:30
C185,3,16:02,17:53
C185,4,18:30,21:30
C185,5,18:41,22:37
C186,1,16:05,19:08
C186,3,08:30,11:30
C186,3,13:30,17:00
C186,4,18:30,21:30
C186,6,08:00,21:00
C186,7,09:39,13:22
C187,1,18:30,21:30
C187,3,11:56,13:53
C187,6,08:54,14:39
C188,1,18:30,21:30
C188,2,18:30,21:30
C188,3,09:41,10:47
C188,5,18:30,21:30
C189,5,18:30,21:30
C190,1,08:30,11:30
C190,1,13:30,17:00
C190,2,08:30,11:30
C190,2,13:30,17:00
C190,3,15:47,17:02
C190,5,11:50,13:26
C191,1,14:06,15:16
C191,3,11:43,14:25
C191,5,18:30,21:30
C191,7,08:00,21:00
C192,1,18:30,21:30
C192,4,18:30,21:30
C192,6,08:00,21:00
C192,7,09:52,14:13
C193,1,18:30,21:30
C193,2,18:30,21:30
C193,5,17:00,18:40
C194,3,08:30,11:30
C194,3,13:30,17:00
C194,4,08:30,11:30
C194,4,13:30,17:00
C194,5,18:30,21:30
C194,6,08:00,21:00
C194,7,08:00,21:00
C195,1,18:30,21:30
C195,2,18:30,21:30
C195,3,08:30,11:30
C195,3,13:30,17:00
C196,1,18:30,21:30
C196,3,08:30,11:30
C196,3,13:30,17:00
C197,7,08:00,21:00
C198,1,18:30,21:30
C198,3,18:30,21:30
C198,5,14:53,17:39
C198,7,08:00,21:00
C199,3,09:59,11:15
C200,3,08:30,11:30
C200,3,13:30,17:00
C200,4,18:30,21:30
C200,5,11:32,12:43
C201,2,08:30,11:30
C201,2,13:30,17:00
C201,3,12:20,14:40
C201,4,08:30,11:30
C201,4,13:30,17:00
C202,1,18:30,21:30
C202,2,18:30,21:30
C202,4,18:30,21:30
C202,7,08:00,21:00
C203,2,18:30,21:30
C203,4,07:49,11:15
C203,7,07:40,13:08
C204,1,16:49,20:05
C204,2,18:30,21:30
C204,3,18:30,21:30
C204,4,11:41,15:18
C204,5,09:08,12:41
C204,7,07:54,11:45
C205,5,10:29,13:24
C206,1,18:30,21:30
C206,2,18:30,21:30
C206,4,18:30,21:30
C206,7,08:00,21:00
C207,3,08:30,11:30
C207,3,13:30,17:00
C207,6,08:00,21:00
C208,1,18:30,21:30
C208,2,08:30,11:30
C208,2,13:30,17:00
C208,3,08:30,11:30
C208,3,13:30,17:00
C208,4,08:30,11:30
C208,4,13:30,17:00
C208,5,08:30,11:30
C208,5,13:30,17:00
C208,7,08:00,21:00
C209,1,12:35,14:31
C210,1,08:30,11:30
C210,1,13:30,17:00
C210,2,14:54,17:54
C210,3,08:30,11:30
C210,3,13:30,17:00
C210,4,18:30,21:30
C210,5,15:51,17:56
C210,6,08:00,21:00
C210,7,08:00,21:00
C211,1,18:30,21:30
C211,2,18:30,21:30
C211,3,08:30,11:30
C211,3,13:30,17:00
C211,5,18:30,21:30
C211,6,08:00,21:00
C211,7,08:00,21:00
C212,1,18:30,21:30
C212,3,18:30,21:30
C213,1,18:30,21:30
C213,2,08:30,11:30
C213,2,13:30,17:00
C213,5,10:27,13:32
C214,1,18:30,21:30
C214,2,18:30,21:30
C215,1,18:30,21:30
C215,2,08:30,11:30
C215,2,13:30,17:00
C215,3,10:37,13:02
C215,4,13:08,15:47
C215,5,18:30,21:30
C215,6,08:00,21:00
C215,7,07:36,10:00
C216,1,18:30,21:30
C216,4,11:08,14:59
C216,6,08:00,21:00
C217,1,18:30,21:30
C217,2,18:30,21:30
C217,3,18:30,21:30
C217,4,08:30,11:30
C217,4,13:30,17:00
C217,5,18:30,21:30
C217,6,08:00,21:00
C217,7,08:00,21:00
C218,1,18:30,21:30
C218,5,12:42,14:39
C218,6,08:00,21:00
C219,1,13:22,16:00
C219,2,18:30,21:30
C219,3,08:30,11:30
C219,3,13:30,17:00
C219,4,18:30,21:30
C219,5,18:30,21:30
C219,6,08:00,21:00
C219,7,07:59,13:11
C220,1,18:30,21:30
C220,3,18:30,21:30
C220,4,08:30,11:30
C220,4,13:30,17:00
C220,6,08:00,21:00
C221,2,08:30,11:30
C221,2,13:30,17:00
C221,5,18:30,21:30
C221,6,08:00,21:00
C221,7,08:00,21:00
C222,3,18:30,21:30
C222,5,18:30,21:30
C222,6,08:00,21:00
C223,1,18:30,21:30
C223,2,08:30,11:30
C223,2,13:30,17:00
C223,3,08:30,11:30
C223,3,13:30,17:00
C223,4,08:30,11:30
C223,4,13:30,17:00
C223,6,11:39,15:52
C224,1,14:47,15:52
C224,3,08:30,11:30
C224,3,13:30,17:00
C225,7,12:42,17:57
C226,1,18:30,21:30
C226,2,08:30,11:30
C226,2,13:30,17:00
C226,4,08:30,11:30
C226,4,13:30,17:00
C226,6,10:29,13:51
C227,3,18:30,21:30
C227,5,12:22,14:06
C227,6,08:00,21:00
C227,7,08:00,21:00
C228,1,08:47,10:47
C228,3,08:30,11:30
C228,3,13:30,17:00
C228,4,08:30,11:30
C228,4,13:30,17:00
C229,1,08:30,11:30
C229,1,13:30,17:00
C229,4,08:30,11:30
C229,4,13:30,17:00
C229,5,18:30,21:30
C229,6,07:38,12:48
C229,7,08:00,21:00
C230,2,08:30,11:30
C230,2,13:30,17:00
C230,4,09:04,12:51
C230,5,18:30,21:30
C231,1,18:30,21:30
C231,3,08:30,11:30
C231,3,13:30,17:00
C231,4,18:30,21:30
C231,5,09:46,12:55
C231,6,09:22,12:56
C232,1,14:20,17:22
C232,2,08:30,11:30
C232,2,13:30,17:00
C232,4,08:30,11:30
C232,4,13:30,17:00
C232,5,12:20,16:05
C232,6,13:24,17:50
C232,7,08:00,21:00
C233,1,18:30,21:30
C233,2,18:36,21:03
C233,3,18:30,21:30
C233,5,18:30,21:30
C234,1,12:21,14:01
C234,3,18:30,21:30
C234,5,08:30,11:30
C234,5,13:30,17:00
C234,6,08:00,21:00
C234,7,10:12,15:39
C235,2,08:30,11:30
C235,2,13:30,17:00
C235,4,08:30,11:30
C235,4,13:30,17:00
C235,5,08:30,11:30
C235,5,13:30,17:00
C235,6,12:30,17:56
C236,1,08:30,11:30
C236,1,13:30,17:00
C236,2,08:30,11:30
C236,2,13:30,17:00
C236,3,08:30,11:30
C236,3,13:30,17:00
C236,5,14:31,16:43
C237,1,08:30,11:30
C237,1,13:30,17:00
C237,2,18:30,21:30
C237,4,13:48,17:24
C237,5,10:43,14:34
C237,7,08:00,21:00
C238,2,18:30,21:30
C238,3,18:30,21:30
C238,4,08:30,11:30
C238,4,13:30,17:00
C239,1,08:30,11:30
C239,1,13:30,17:00
C239,2,18:30,21:30
C239,5,09:29,12:30
C239,6,08:00,10:45
C240,1,13:03,15:39
C240,6,08:00,21:00
C241,1,16:09,18:02
C242,3,18:30,21:30
C242,7,10:20,15:53
C243,1,18:30,21:30
C243,2,08:30,11:30
C243,2,13:30,17:00
C243,5,11:28,13:25
C243,6,08:00,21:00
C244,2,08:30,11:30
C244,2,13:30,17:00
C244,4,18:30,21:30
C244,5,08:30,11:30
C244,5,13:30,17:00
C245,1,08:03,09:46
C245,2,08:30,11:30
C245,2,13:30,17:00
C246,6,11:02,16:03
C247,1,08:47,11:04
C247,2,16:20,19:43
C247,3,14:17,16:01
C247,4,08:30,11:30
C247,4,13:30,17:00
C247,5,09:32,13:15
C247,6,08:00,21:00
C248,2,08:30,11:30
C248,2,13:30,17:00
C248,4,18:30,21:30
C248,5,18:30,21:30
C248,6,12:20,15:34
C249,2,08:30,11:30
C249,2,13:30,17:00
C249,4,08:30,11:30
C249,4,13:30,17:00
C250,4,08:30,11:30
C250,4,13:30,17:00
C250,5,11:48,14:50
C250,7,10:17,15:27
C251,3,18:30,21:30
C251,4,09:20,13:12
C251,6,08:00,21:00
C251,7,08:00,21:00
C252,1,14:44,16:58
C252,2,18:30,21:30
C252,5,18:30,21:30
C252,6,08:00,21:00
C252,7,08:00,21:00
C253,3,18:30,21:30
C253,4,18:30,21:30
C254,1,18:30,21:30
C254,2,08:30,11:30
C254,2,13:30,17:00
C254,3,18:30,21:30
C255,2,08:30,11:30
C255,2,13:30,17:00
C255,4,08:30,11:30
C255,4,13:30,17:00
C255,5,08:30,11:30
C255,5,13:30,17:00
C255,7,08:00,21:00
C256,1,18:30,21:30
C256,2,08:44,11:02
C256,3,18:30,21:30
C256,4,18:30,21:30
C256,5,18:30,21:30
C257,1,18:30,21:30
C257,2,14:42,16:56
C257,3,08:30,11:30
C257,3,13:30,17:00
C257,4,18:30,21:30
C257,5,08:30,11:30
C257,5,13:30,17:00
C257,6,13:09,17:00
C257,7,08:35,10:44
C258,1,18:23,21:14
C258,2,18:30,21:30
C258,3,18:30,21:30
C258,4,08:30,11:30
C258,4,13:30,17:00
C258,5,18:30,21:30
C258,6,08:00,21:00
C258,7,07:40,12:55
C259,1,18:30,21:30
C259,2,08:30,11:30
C259,2,13:30,17:00
C259,3,18:30,21:30
C259,4,09:05,11:07
C259,5,07:46,09:23
C259,7,08:00,21:00
C260,1,18:30,21:30
C260,3,08:30,11:30
C260,3,13:30,17:00
C260,4,18:30,21:30
C260,5,18:30,21:30
C261,3,08:30,11:30
C261,3,13:30,17:00
C261,6,12:15,17:06
C262,2,18:30,21:30
C263,2,18:30,21:30
C263,4,18:30,21:30
C263,6,08:00,21:00
C264,2,18:30,21:30
C264,5,08:30,11:30
C264,5,13:30,17:00
C265,1,18:30,21:30
C265,2,08:30,11:30
C265,2,13:30,17:00
C265,3,08:30,11:30
C265,3,13:30,17:00
C265,4,18:30,21:30
C265,5,18:30,21:30
C265,6,08:00,21:00
C265,7,08:00,21:00
C266,1,18:30,21:30
C266,3,18:30,21:30
C266,5,18:30,21:30
C266,6,12:07,17:18
C267,1,18:30,21:30
C267,2,18:30,21:30
C267,3,13:23,15:31
C267,4,17:44,20:03
C267,5,15:20,16:44
C267,6,12:15,16:10
C267,7,08:00,21:00
C268,3,10:48,14:20
C268,4,08:30,11:30
C268,4,13:30,17:00
C268,5,08:30,11:30
C268,5,13:30,17:00
C269,1,17:35,19:07
C269,2,08:30,11:30
C269,2,13:30,17:00
C269,3,18:30,21:30
C269,4,18:30,21:30
C269,5,18:30,21:30
C269,6,08:00,21:00
C269,7,08:00,21:00
C270,2,18:30,21:30
C270,4,08:30,11:30
C270,4,13:30,17:00
C270,5,12:14,13:47
C271,4,18:30,21:30
C271,5,15:06,16:23
C272,1,10:49,12:37
C272,2,08:30,11:30
C272,2,13:30,17:00
C272,3,18:30,21:30
C272,5,13:34,16:57
C272,6,09:49,13:21
C273,1,18:30,21:30
C273,2,18:30,21:30
C273,3,08:30,11:30
C273,3,13:30,17:00
C273,4,08:30,11:30
C273,4,13:30,17:00
C273,5,18:30,21:30
C273,6,08:00,21:00
C273,7,08:00,21:00
C274,3,18:30,21:30
C274,4,18:30,21:30
C274,5,07:26,08:38
C274,7,08:00,21:00
C275,3,18:30,21:30
C275,5,08:30,11:30
C275,5,13:30,17:00
C276,1,09:12,12:22
C276,3,08:30,11:30
C276,3,13:30,17:00
C276,4,08:30,11:30
C276,4,13:30,17:00
C276,5,14:49,16:07
C276,6,08:00,21:00
C277,5,08:30,11:30
C277,5,13:30,17:00
C278,3,18:30,21:30
C278,7,08:00,21:00
C279,1,08:30,11:30
C279,1,13:30,17:00
C279,5,18:30,21:30
C280,4,08:30,11:30
C280,4,13:30,17:00
C281,6,11:26,16:33
C282,1,10:17,12:18
C282,2,18:30,21:30
C282,3,08:30,11:30
C282,3,13:30,17:00
C282,4,18:30,21:30
C282,5,08:30,11:30
C282,5,13:30,17:00
C283,1,13:39,17:01
C283,2,13:05,17:04
C283,4,08:30,11:30
C283,4,13:30,17:00
C284,1,08:30,11:30
C284,1,13:30,17:00
C284,2,08:30,11:30
C284,2,13:30,17:00
C284,3,08:30,11:30
C284,3,13:30,17:00
C284,4,08:30,11:30
C284,4,13:30,17:00
C284,5,18:30,21:30
C284,6,08:00,21:00
C285,2,08:30,11:30
C285,2,13:30,17:00
C286,1,08:30,11:30
C286,1,13:30,17:00
C286,2,08:30,11:30
C286,2,13:30,17:00
C286,3,08:30,11:30
C286,3,13:30,17:00
C286,4,16:45,20:06
C286,5,16:03,18:14
C286,6,13:20,17:32
C286,7,08:00,21:00
C287,6,09:15,11:31
C288,1,18:30,21:30
C288,2,08:30,11:30
C288,2,13:30,17:00
C288,5,18:54,22:11
C288,6,12:05,16:09
C289,1,18:30,21:30
C289,3,18:30,21:30
C289,5,08:30,11:30
C289,5,13:30,17:00
C289,6,13:57,18:55
C289,7,08:00,21:00
C290,1,18:30,21:30
C290,3,18:30,21:30
C290,4,09:42,10:46
C290,6,08:00,21:00
C291,3,18:30,21:30
C291,4,10:10,12:43
C291,7,07:20,10:46
C292,2,18:30,21:30
C292,4,08:30,11:30
C292,4,13:30,17:00
C292,5,08:30,11:30
C292,5,13:30,17:00
C293,3,18:30,21:30
C293,6,08:00,21:00
C294,2,18:30,21:30
C294,4,08:30,11:30
C294,4,13:30,17:00
C294,5,08:12,10:18
C295,1,15:06,18:50
C295,2,18:30,21:30
C295,4,18:30,21:30
C295,5,18:30,21:30
C296,1,08:30,11:30
C296,1,13:30,17:00
C296,2,18:30,21:30
C296,3,08:30,11:30
C296,3,13:30,17:00
C296,4,18:30,21:30
C296,5,08:30,11:30
C296,5,13:30,17:00
C296,7,13:16,16:12
C297,1,12:05,15:59
C297,2,08:30,11:30
C297,2,13:30,17:00
C297,4,15:32,17:15
C297,5,14:23,16:13
C297,6,08:14,10:40
C297,7,08:00,21:00
C298,1,08:30,11:30
C298,1,13:30,17:00
C298,2,12:21,13:24
C298,3,08:30,11:30
C298,3,13:30,17:00
C298,7,08:00,21:00
C299,4,18:41,20:02
C299,6,08:00,21:00
C300,1,11:55,15:07
C300,3,08:30,11:30
C300,3,13:30,17:00
C300,7,12:52,15:48
C301,1,15:25,16:50
C301,3,18:30,21:30
C301,5,08:30,11:30
C301,5,13:30,17:00
C301,7,08:00,21:00
C302,2,08:30,11:30
C302,2,13:30,17:00
C302,4,08:30,11:30
C302,4,13:30,17:00
C302,7,10:37,15:30
C303,2,09:32,10:38
C304,1,18:00,19:14
C304,3,18:30,21:30
C304,5,08:30,11:30
C304,5,13:30,17:00
C304,6,12:12,18:07
C305,1,18:30,21:30
C305,3,08:30,11:30
C305,3,13:30,17:00
C305,4,18:30,21:30
C305,5,18:30,21:30
C306,1,08:30,11:30
C306,1,13:30,17:00
C306,2,12:10,14:04
C306,4,18:30,21:30
C306,6,08:00,21:00
C307,2,13:04,14:23
C307,4,08:30,11:30
C307,4,13:30,17:00
C307,6,08:00,21:00
C308,3,08:30,11:30
C308,3,13:30,17:00
C308,6,08:00,21:00
C309,6,08:00,21:00
C309,7,08:00,21:00
C310,1,18:30,21:30
C310,2,08:30,11:30
C310,2,13:30,17:00
C310,6,09:51,13:40
C310,7,08:00,21:00
C311,1,18:30,21:30
C311,2,18:30,21:30
C311,3,18:30,21:30
C311,4,08:30,11:30
C311,4,13:30,17:00
C312,1,16:17,19:28
C312,2,18:30,21:30
C312,3,08:30,11:30
C312,3,13:30,17:00
C312,4,08:30,11:30
C312,4,13:30,17:00
C312,5,18:30,21:30
C312,6,08:00,21:00
C312,7,10:20,16:14
C313,1,08:30,11:30
C313,1,13:30,17:00
C313,2,08:30,11:30
C313,2,13:30,17:00
C313,4,12:16,14:58
C314,2,18:30,21:30
C314,3,08:30,11:30
C314,3,13:30,17:00
C315,1,08:30,11:30
C315,1,13:30,17:00
C315,4,18:30,21:30
C315,7,11:07,13:57
C316,1,18:30,21:30
C316,7,08:00,21:00
C317,2,18:30,21:30
C317,5,16:56,19:27
C317,7,08:00,21:00
C318,1,18:30,21:30
C318,4,18:30,21:30
C318,5,18:30,21:30
C319,2,18:30,21:30
C319,3,18:30,21:30
C319,5,18:30,21:30
C319,6,10:30,13:45
C320,3,08:30,11:30
C320,3,13:30,17:00
C320,4,18:30,21:30
C321,2,18:30,21:30
C321,3,18:30,21:30
C321,4,08:30,11:30
C321,4,13:30,17:00
C321,6,08:00,21:00
C322,1,18:30,21:30
C322,5,08:30,11:30
C322,5,13:30,17:00
C322,6,08:00,21:00
C322,7,13:11,15:28
C323,3,18:30,21:30
C324,2,13:14,15:37
C324,3,18:30,21:30
C324,4,18:30,21:30
C324,5,10:24,12:12
C325,1,08:30,11:30
C325,1,13:30,17:00
C325,3,18:30,21:30
C325,5,18:30,21:30
C325,6,09:15,12:48
C325,7,08:00,21:00
C326,4,08:30,11:30
C326,4,13:30,17:00
C326,5,18:30,21:30
C327,2,18:30,21:30
C327,6,08:00,21:00
C327,7,07:59,12:49
C328,1,17:27,19:25
C328,3,11:28,14:42
C328,4,08:30,11:30
C328,4,13:30,17:00
C328,6,08:00,21:00
C329,3,18:30,21:30
C329,4,17:22,20:15
C329,5,10:13,11:58
C330,2,08:30,11:30
C330,2,13:30,17:00
C330,3,08:30,11:30
C330,3,13:30,17:00
C330,4,08:30,11:30
C330,4,13:30,17:00
C330,6,11:36,16:21
C331,3,08:30,11:30
C331,3,13:30,17:00
C331,6,08:00,21:00
C332,1,08:30,11:30
C332,1,13:30,17:00
C332,5,18:30,21:30
C333,1,18:30,21:30
C333,2,18:30,21:30
C333,3,08:30,11:30
C333,3,13:30,17:00
C333,5,08:30,11:30
C333,5,13:30,17:00
C333,6,08:00,21:00
C333,7,08:00,21:00
C334,1,18:30,21:30
C334,2,08:30,11:30
C334,2,13:30,17:00
C334,3,18:30,21:30
C334,4,08:30,11:30
C334,4,13:30,17:00
C334,6,12:53,17:41
C334,7,08:00,21:00
C335,1,18:30,21:30
C335,3,11:28,14:59
C336,1,08:30,11:30
C336,1,13:30,17:00
C336,2,18:30,21:30
C336,3,18:30,21:30
C336,4,16:12,17:46
C336,5,18:25,21:42
C336,6,08:00,21:00
C337,4,16:40,18:20
C337,6,08:00,21:00
C338,2,18:30,21:30
C338,4,18:30,21:30
C338,5,10:24,12:56
C338,6,07:17,10:42
C339,1,18:30,21:30
C339,5,08:30,11:30
C339,5,13:30,17:00
C339,6,08:00,21:00
C340,1,18:30,21:30
C340,3,17:01,19:02
C340,5,08:30,11:30
C340,5,13:30,17:00
C340,7,08:00,21:00
C341,1,09:37,11:58
C341,2,18:30,21:30
C341,3,08:30,11:30
C341,3,13:30,17:00
C341,4,08:30,11:30
C341,4,13:30,17:00
C341,7,09:22,15:06
C342,1,18:30,21:30
C342,3,18:30,21:30
C343,2,18:40,21:10
C343,3,18:30,21:30
C343,4,08:30,11:30
C343,4,13:30,17:00
C344,1,16:14,18:03
C344,3,18:30,21:30
C344,5,18:30,21:30
C344,6,08:00,21:00
C345,5,08:30,11:30
C345,5,13:30,17:00
C346,1,18:30,21:30
C346,2,18:30,21:30
C346,5,18:30,21:30
C346,6,08:00,21:00
C346,7,10:51,14:23
C347,3,08:30,11:30
C347,3,13:30,17:00
C348,2,18:30,21:30
C348,3,18:30,21:30
C349,3,16:08,19:51
C349,6,08:00,21:00
C350,1,18:30,21:30
C350,3,18:30,21:30
C350,6,08:00,21:00
C351,2,18:30,21:30
C351,3,18:30,21:30
C352,4,08:30,11:30
C352,4,13:30,17:00
C352,5,18:30,21:30
C353,1,18:30,21:30
C353,2,08:30,11:30
C353,2,13:30,17:00
C353,3,18:30,21:30
C354,2,08:30,11:30
C354,2,13:30,17:00
C354,4,08:30,11:30
C354,4,13:30,17:00
C354,5,08:30,11:30
C354,5,13:30,17:00
C355,1,08:30,11:30
C355,1,13:30,17:00
C355,2,18:30,21:30
C355,3,11:43,14:43
C355,4,18:51,21:36
C355,5,14:44,16:27
C355,6,08:00,21:00
C355,7,08:00,21:00
C356,1,18:30,21:30
C356,2,18:30,21:30
C356,5,08:30,11:30
C356,5,13:30,17:00
C356,6,08:00,21:00
C357,2,18:30,21:30
C357,6,08:00,21:00
C357,7,08:00,21:00
C358,1,10:58,14:03
C358,2,08:30,11:30
C358,2,13:30,17:00
C358,3,18:30,21:30
C358,4,08:30,11:30
C358,4,13:30,17:00
C358,5,18:30,21:30
C358,7,08:00,21:00
C359,1,10:32,14:19
C359,2,18:30,21:30
C359,4,08:30,11:30
C359,4,13:30,17:00
C359,5,18:30,21:30
C359,6,08:00,21:00
C360,1,16:52,17:57
C360,2,08:30,11:30
C360,2,13:30,17:00
C360,3,18:30,21:30
C360,4,18:30,21:30
C360,5,09:25,11:04
C360,6,13:18,18:26
C361,2,08:30,11:30
C361,2,13:30,17:00
C361,6,08:00,21:00
C362,1,18:30,21:30
C362,4,08:30,11:30
C362,4,13:30,17:00
C362,6,08:00,21:00
C363,2,18:30,21:30
C363,4,12:28,13:54
C364,3,14:45,18:32
C364,5,18:30,21:30
C364,7,08:00,21:00
C365,1,08:30,11:30
C365,1,13:30,17:00
C365,2,07:01,10:13
C365,4,12:42,14:30
C365,6,09:49,13:13
C366,1,08:30,11:30
C366,1,13:30,17:00
C366,3,18:30,21:30
C366,4,18:30,21:30
C366,6,08:00,21:00
C367,2,08:30,11:30
C367,2,13:30,17:00
C367,3,08:30,11:30
C367,3,13:30,17:00
C367,4,18:30,21:30
C367,5,18:30,21:30
C367,7,12:18,14:24
C368,4,18:30,21:30
C369,2,18:30,21:30
C369,3,18:30,21:30
C369,4,08:30,11:30
C369,4,13:30,17:00
C369,5,18:30,21:30
C370,1,14:26,15:57
C370,2,18:30,21:30
C370,4,18:30,21:30
C371,2,15:45,17:46
C371,4,16:46,19:19
C371,7,08:00,21:00
C372,1,18:30,21:30
C372,3,18:30,21:30
C372,4,15:30,18:21
C372,6,07:56,11:45
C372,7,08:00,21:00
C373,4,08:30,11:30
C373,4,13:30,17:00
C374,3,07:44,09:10
C374,4,18:30,21:30
C374,5,17:11,19:09
C375,1,08:30,11:30
C375,1,13:30,17:00
C375,3,09:29,12:11
C376,2,08:30,11:30
C376,2,13:30,17:00
C376,4,18:30,21:30
C376,5,18:30,21:30
C377,2,18:30,21:30
C378,2,18:30,21:30
C378,3,08:30,11:30
C378,3,13:30,17:00
C378,5,18:30,21:30
C378,6,08:00,21:00
C378,7,11:19,16:23
C379,7,08:00,21:00
C380,2,18:30,21:30
C380,3,18:30,21:30
C380,4,08:30,11:30
C380,4,13:30,17:00
C380,5,18:30,21:30
C380,7,08:00,21:00
C381,2,18:30,21:30
C381,3,08:30,11:30
C381,3,13:30,17:00
C381,5,08:30,11:30
C381,5,13:30,17:00
C382,1,18:30,21:30
C382,2,11:36,13:42
C382,3,13:17,15:24
C382,7,08:00,21:00
C383,1,18:30,21:30
C383,5,08:58,12:12
C383,6,08:00,21:00
C383,7,08:00,21:00
C384,1,08:30,11:30
C384,1,13:30,17:00
C384,3,16:19,17:29
C384,4,08:30,11:30
C384,4,13:30,17:00
C384,5,08:30,11:30
C384,5,13:30,17:00
C384,6,11:29,13:53
C384,7,08:00,21:00
C385,1,16:17,19:55
C385,2,18:30,21:30
C385,3,10:43,12:36
C385,4,08:30,11:30
C385,4,13:30,17:00
C385,7,12:21,17:55
C386,1,10:41,14:22
C386,4,18:30,21:30
C387,2,08:30,11:30
C387,2,13:30,17:00
C387,3,18:30,21:30
C388,3,08:30,11:30
C388,3,13:30,17:00
C388,5,08:30,11:30
C388,5,13:30,17:00
C389,1,18:30,21:30
C389,2,17:20,21:18
C389,3,08:30,11:30
C389,3,13:30,17:00
C389,6,08:00,21:00
C389,7,12:40,18:11
C390,1,18:30,21:30
C390,2,13:13,16:11
C390,3,18:30,21:30
C390,4,08:30,11:30
C390,4,13:30,17:00
C390,7,08:00,21:00
C391,1,08:30,11:30
C391,1,13:30,17:00
C391,2,08:30,11:30
C391,2,13:30,17:00
C391,3,18:30,21:30
C391,5,18:30,21:30
C392,1,08:30,11:30
C392,1,13:30,17:00
C392,2,18:30,21:30
C392,3,08:30,11:30
C392,3,13:30,17:00
C392,4,18:30,21:30
C392,6,13:12,17:15
C393,2,17:30,19:09
C393,3,08:30,11:30
C393,3,13:30,17:00
C393,5,17:09,20:44
C393,7,08:00,21:00
C394,2,08:30,11:30
C394,2,13:30,17:00
C394,3,08:30,11:30
C394,3,13:30,17:00
C394,5,08:30,11:30
C394,5,13:30,17:00
C395,1,08:30,11:30
C395,1,13:30,17:00
C395,2,08:30,11:30
C395,2,13:30,17:00
C395,3,18:30,21:30
C395,4,08:30,11:30
C395,4,13:30,17:00
C395,5,11:17,13:45
C396,5,13:21,14:25
C397,1,16:53,19:16
C397,2,13:42,16:36
C397,3,18:30,21:30
C397,4,08:30,11:30
C397,4,13:30,17:00
C397,5,18:30,21:30
C398,3,08:30,11:30
C398,3,13:30,17:00
C398,4,18:30,21:30
C398,5,08:30,11:30
C398,5,13:30,17:00
C399,1,18:30,21:30
C399,3,08:30,11:30
C399,3,13:30,17:00
C399,4,09:44,12:48
C399,5,18:30,21:30
C399,7,13:14,15:22
C400,2,18:30,21:30
C400,3,18:30,21:30
C400,4,08:30,11:30
C400,4,13:30,17:00
C401,3,08:30,11:30
C401,3,13:30,17:00
C401,5,10:34,12:43
C401,7,08:00,21:00
C402,1,18:30,21:30
C402,2,14:20,16:20
C402,4,18:30,21:30
C402,7,08:00,21:00
C403,1,18:30,21:30
C403,5,07:45,11:20
C403,6,10:33,14:22
C404,6,09:42,14:44
C404,7,13:26,15:28
C405,4,15:47,17:10
C405,5,08:32,12:02
C405,6,12:31,15:07
C405,7,08:00,21:00
C406,1,09:04,10:55
C406,2,18:30,21:30
C406,3,18:30,21:30
C406,4,16:51,20:50
C406,6,08:00,21:00
C406,7,08:00,21:00
C407,3,18:30,21:30
C407,5,18:30,21:30
C407,6,07:45,13:17
C408,1,18:30,21:30
C408,3,07:54,09:03
C408,4,18:30,21:30
C408,5,08:28,11:02
C409,1,08:30,11:30
C409,1,13:30,17:00
C409,3,18:30,21:30
C409,4,08:30,11:30
C409,4,13:30,17:00
C409,6,08:00,21:00
C410,1,18:30,21:30
C410,3,08:30,11:30
C410,3,13:30,17:00
C411,1,18:30,21:30
C411,2,13:42,15:56
C411,3,12:40,14:49
C411,5,08:30,11:30
C411,5,13:30,17:00
C411,6,08:00,21:00
C412,2,18:30,21:30
C413,1,18:30,21:30
C413,2,18:30,21:30
C413,6,08:00,21:00
C414,2,18:30,21:30
C414,3,18:30,21:30
C414,5,18:30,21:30
C414,7,08:00,21:00
C415,1,18:30,21:30
C416,1,18:30,21:30
C416,2,18:30,21:30
C416,7,08:00,21:00
C417,1,08:30,11:30
C417,1,13:30,17:00
C417,2,18:30,21:30
C417,4,18:30,21:30
C417,5,08:30,11:30
C417,5,13:30,17:00
C418,2,18:30,21:30
C418,5,18:30,21:30
C419,2,18:30,21:30
C419,3,18:30,21:30
C419,4,18:30,21:30
C419,5,18:30,21:30
C419,6,08:00,21:00
C419,7,08:00,21:00
C420,3,18:30,21:30
C420,4,08:30,11:30
C420,4,13:30,17:00
C420,5,08:30,11:30
C420,5,13:30,17:00
C421,5,08:30,11:30
C421,5,13:30,17:00
C421,6,08:00,21:00
C422,2,12:23,13:47
C422,3,08:30,11:30
C422,3,13:30,17:00
C422,4,08:30,11:30
C422,4,13:30,17:00
C423,1,08:30,11:30
C423,1,13:30,17:00
C424,2,09:20,12:00
C424,4,08:30,11:30
C424,4,13:30,17:00
C425,3,18:13,21:08
C425,4,08:30,11:30
C425,4,13:30,17:00
C425,5,18:30,21:30
C426,2,08:30,11:30
C426,2,13:30,17:00
C426,4,17:38,19:05
C426,5,18:30,21:30
C426,7,08:00,21:00
C427,1,08:30,11:30
C427,1,13:30,17:00
C427,2,18:30,21:30
C427,4,18:30,21:30
C427,5,10:13,12:44
C427,7,08:00,21:00
C428,1,11:00,13:21
C428,2,08:30,11:30
C428,2,13:30,17:00
C428,5,12:02,15:12
C428,6,08:00,21:00
C428,7,13:22,18:27
C429,1,18:30,21:30
C429,2,18:30,21:30
C429,4,08:30,11:30
C429,4,13:30,17:00
C429,5,18:30,21:30
C429,6,08:00,21:00
C429,7,08:00,21:00
C430,1,10:01,11:53
C430,3,08:30,11:30
C430,3,13:30,17:00
C430,4,11:22,14:20
C430,5,14:20,15:51
C430,7,10:38,13:44
C431,1,12:31,15:53
C431,4,18:30,21:30
C432,2,08:30,11:30
C432,2,13:30,17:00
C432,4,18:30,21:30
C432,5,13:19,15:37
C432,6,10:38,14:46
C432,7,08:00,21:00
C433,2,18:30,21:30
C433,3,18:30,21:30
C433,7,08:00,21:00
C434,4,08:30,11:30
C434,4,13:30,17:00
C434,5,18:30,21:30
C435,1,08:21,10:14
C435,2,18:30,21:30
C435,3,08:30,11:30
C435,3,13:30,17:00
C435,5,18:30,21:30
C435,6,12:39,16:41
C435,7,13:26,16:19
C436,1,16:35,18:47
C436,3,08:30,11:30
C436,3,13:30,17:00
C436,4,18:30,21:30
C436,6,08:00,21:00
C436,7,08:49,12:30
C437,4,08:30,11:30
C437,4,13:30,17:00
C437,6,08:00,21:00
C437,7,09:32,12:34
C438,1,08:30,11:30
C438,1,13:30,17:00
C438,3,18:30,21:30
C438,5,18:01,21:20
C438,6,08:00,21:00
C439,1,18:30,21:30
C439,2,08:30,11:30
C439,2,13:30,17:00
C439,3,18:30,21:30
C439,4,09:53,12:13
C439,5,18:30,21:30
C439,6,08:00,21:00
C439,7,08:19,11:31
C440,4,18:30,21:30
C441,1,18:34,19:40
C441,2,08:30,11:30
C441,2,13:30,17:00
C441,3,08:30,11:30
C441,3,13:30,17:00
C441,5,08:30,11:30
C441,5,13:30,17:00
C442,5,18:30,21:30
C443,1,08:30,11:30
C443,1,13:30,17:00
C443,2,18:30,21:30
C443,3,18:30,21:30
C443,4,11:58,15:52
C443,5,11:13,14:40
C443,6,08:00,21:00
C443,7,08:40,11:22
C444,3,08:30,11:30
C444,3,13:30,17:00
C444,4,16:15,18:17
C444,5,18:30,21:30
C444,7,08:00,21:00
C445,3,18:30,21:30
C445,5,08:30,11:30
C445,5,13:30,17:00
C445,7,08:00,21:00
C446,2,11:04,12:53
C446,3,18:30,21:30
C446,4,08:30,11:30
C446,4,13:30,17:00
C446,5,18:30,21:30
C447,1,08:30,11:30
C447,1,13:30,17:00
C447,4,07:39,09:48
C448,1,09:04,11:00
C449,1,10:00,12:16
C449,2,08:30,11:30
C449,2,13:30,17:00
C449,3,08:30,11:30
C449,3,13:30,17:00
C449,7,08:00,21:00
C450,1,08:30,11:30
C450,1,13:30,17:00
C450,2,18:30,21:30
C450,4,14:47,15:53
C450,5,08:30,11:30
C450,5,13:30,17:00
C450,7,10:27,14:49
C451,2,08:30,11:30
C451,2,13:30,17:00
C451,3,11:25,13:47
C451,4,18:30,21:30
C451,5,08:30,11:30
C451,5,13:30,17:00
C451,6,08:00,21:00
C452,1,18:30,21:30
C452,2,08:30,11:30
C452,2,13:30,17:00
C453,3,18:30,21:30
C453,4,18:30,21:30
C453,5,18:30,21:30
C454,4,08:30,11:30
C454,4,13:30,17:00
C455,2,18:30,21:30
C456,1,18:30,21:30
C456,3,10:30,14:09
C456,6,08:00,21:00
C456,7,08:00,21:00
C457,2,10:12,12:22
C458,1,08:30,11:30
C458,1,13:30,17:00
C458,3,18:30,21:30
C458,4,18:30,21:30
C459,1,18:30,21:30
C459,3,18:30,21:30
C459,4,18:43,20:17
C459,5,18:30,21:30
C460,4,08:30,11:30
C460,4,13:30,17:00
C460,5,18:30,21:30
C460,7,08:00,21:00
C461,3,10:50,13:18
C461,6,08:00,21:00
C462,1,08:30,11:30
C462,1,13:30,17:00
C462,3,18:30,21:30
C462,4,08:30,11:30
C462,4,13:30,17:00
C462,5,17:41,21:22
C463,1,08:30,11:30
C463,1,13:30,17:00
C463,2,17:00,19:06
C463,3,18:30,21:30
C463,4,18:30,21:30
C463,7,08:00,21:00
C464,3,18:30,21:30
C464,4,08:30,11:30
C464,4,13:30,17:00
C464,7,08:00,21:00
C465,1,18:30,21:30
C465,2,08:30,11:30
C465,2,13:30,17:00
C465,3,08:30,11:30
C465,3,13:30,17:00
C465,4,15:45,19:37
C465,5,18:30,21:30
C466,1,14:01,15:03
C466,2,08:30,11:30
C466,2,13:30,17:00
C466,3,18:30,21:30
C466,5,18:30,21:30
C467,1,08:30,11:30
C467,1,13:30,17:00
C467,2,08:30,11:30
C467,2,13:30,17:00
C467,3,08:30,11:30
C467,3,13:30,17:00
C467,4,18:30,21:30
C468,1,08:30,11:30
C468,1,13:30,17:00
C468,2,08:30,11:30
C468,2,13:30,17:00
C468,3,08:30,11:30
C468,3,13:30,17:00
C468,4,08:30,11:30
C468,4,13:30,17:00
C468,7,13:10,17:25
C469,2,08:30,11:30
C469,2,13:30,17:00
C470,1,18:30,21:30
C470,2,08:30,11:30
C470,2,13:30,17:00
C470,3,18:30,21:30
C470,5,18:30,21:30
C470,6,08:00,21:00
C471,1,10:31,13:12
C471,3,08:30,11:30
C471,3,13:30,17:00
C471,4,08:30,11:30
C471,4,13:30,17:00
C471,5,08:30,11:30
C471,5,13:30,17:00
C472,1,18:30,21:30
C472,2,08:30,11:30
C472,2,13:30,17:00
C472,3,08:30,11:30
C472,3,13:30,17:00
C472,4,17:24,20:36
C472,5,08:30,11:30
C472,5,13:30,17:00
C472,6,09:47,14:45
C472,7,10:36,14:59
C473,1,14:05,15:05
C473,2,18:30,21:30
C473,3,13:06,15:14
C473,6,08:00,21:00
C474,2,18:30,21:30
C475,1,08:30,11:30
C475,1,13:30,17:00
C475,3,09:39,13:25
C475,4,18:30,21:30
C475,7,08:00,21:00
C476,2,18:30,21:30
C476,7,08:00,21:00
C477,2,18:30,21:30
C477,4,08:30,11:30
C477,4,13:30,17:00
C478,1,11:44,14:07
C478,2,08:30,11:30
C478,2,13:30,17:00
C478,3,08:30,11:30
C478,3,13:30,17:00
C478,4,10:02,13:33
C478,7,13:09,15:58
C479,1,12:57,16:15
C479,2,18:30,21:30
C479,5,18:30,21:30
C479,7,08:00,21:00
C480,3,18:30,21:30
C481,1,18:30,21:30
C481,6,12:20,15:55
C482,4,18:30,21:30
C483,2,18:30,21:30
C483,3,08:30,11:30
C483,3,13:30,17:00
C483,4,08:30,11:30
C483,4,13:30,17:00
C483,7,08:01,11:22
C484,1,08:30,11:30
C484,1,13:30,17:00
C484,2,12:24,13:58
C484,4,18:30,21:30
C484,5,18:30,21:30
C484,7,07:08,12:51
C485,1,18:30,21:30
C485,3,18:30,21:30
C485,7,13:51,19:32
C486,2,18:30,21:30
C486,3,18:30,21:30
C486,4,18:30,21:30
C487,1,18:30,21:30
C487,2,17:30,20:19
C487,4,18:30,21:30
C487,5,18:30,21:30
C488,2,18:30,21:30
C488,3,18:30,21:30
C488,4,18:30,21:30
C488,5,08:30,11:30
C488,5,13:30,17:00
C489,2,08:30,11:30
C489,2,13:30,17:00
C489,4,18:27,20:32
C490,2,08:42,12:20
C490,3,08:30,11:30
C490,3,13:30,17:00
C490,5,18:30,21:30
C490,6,08:00,21:00
C491,1,12:52,16:20
C491,2,18:30,21:30
C491,3,18:30,21:30
C491,4,08:30,11:30
C491,4,13:30,17:00
C491,5,15:10,17:14
C491,6,11:08,16:48
C492,3,18:30,21:30
C493,2,18:30,21:30
C493,3,16:33,17:59
C494,1,18:07,20:32
C494,2,18:30,21:30
C494,4,08:30,11:30
C494,4,13:30,17:00
C494,5,18:30,21:30
C495,3,18:30,21:30
C495,6,08:00,21:00
C495,7,08:00,21:00
C496,1,08:30,11:30
C496,1,13:30,17:00
C496,2,08:30,11:30
C496,2,13:30,17:00
C496,4,08:30,11:30
C496,4,13:30,17:00
C497,1,18:30,21:30
C497,3,18:30,21:30
C497,4,18:30,21:30
C497,6,08:00,21:00
C498,1,18:30,21:30
C498,5,15:33,19:14
C499,1,17:28,20:04
C499,3,10:34,13:12
C499,4,18:30,21:30
C499,5,12:07,14:23
C499,6,08:00,21:00
C500,1,18:30,21:30
C500,2,18:30,21:30
C500,5,08:30,11:30
C500,5,13:30,17:00
C501,1,18:30,21:30
C501,2,18:30,21:30
C501,3,15:58,18:41
C501,4,18:30,21:30
C501,5,10:32,13:44
C501,6,08:00,21:00
C502,1,18:30,21:30
C502,2,08:30,11:30
C502,2,13:30,17:00
C502,4,08:30,11:30
C502,4,13:30,17:00
C502,5,18:30,21:30
C503,1,18:30,21:30
C503,2,11:39,15:17
C503,3,17:14,20:22
C503,4,18:30,21:30
C503,6,12:17,16:51
C503,7,08:00,21:00
C504,1,08:30,11:30
C504,1,13:30,17:00
C504,4,08:30,11:30
C504,4,13:30,17:00
C504,5,18:30,21:30
C504,6,08:00,21:00
C505,1,11:21,13:24
C505,3,18:30,21:30
C505,4,18:30,21:30
C505,5,18:30,21:30
C505,6,10:41,14:41
C505,7,07:09,11:21
C506,1,10:12,13:29
C506,2,08:30,11:30
C506,2,13:30,17:00
C506,3,18:30,21:30
C506,5,08:30,11:30
C506,5,13:30,17:00
C506,7,08:00,21:00
C507,1,18:30,21:30
C507,5,18:30,21:30
C507,6,08:00,21:00
C507,7,10:20,15:11
C508,1,18:30,21:30
C508,2,08:30,11:30
C508,2,13:30,17:00
C508,3,15:35,17:43
C508,7,08:00,21:00
C509,5,18:30,21:30
C509,7,11:33,15:05
C510,1,13:49,16:49
C510,2,18:30,21:30
C510,3,08:30,11:30
C510,3,13:30,17:00
C510,4,18:30,21:30
C511,1,08:30,11:30
C511,1,13:30,17:00
C511,2,11:51,15:46
C511,3,08:30,11:30
C511,3,13:30,17:00
C511,5,18:30,21:30
C511,6,08:00,21:00
C511,7,10:45,16:21
C512,4,18:30,21:30
C513,1,14:58,16:51
C513,2,18:30,21:30
C513,3,08:30,11:30
C513,3,13:30,17:00
C513,4,07:25,09:57
C513,5,08:30,11:30
C513,5,13:30,17:00
C513,6,11:49,16:55
C513,7,08:00,21:00
C514,1,08:30,11:30
C514,1,13:30,17:00
C514,2,08:30,11:30
C514,2,13:30,17:00
C514,3,08:30,11:30
C514,3,13:30,17:00
C515,4,08:30,11:30
C515,4,13:30,17:00
C515,5,14:30,17:13
C516,3,08:30,11:30
C516,3,13:30,17:00
C516,7,07:35,10:35
C517,4,08:30,11:30
C517,4,13:30,17:00
C518,1,18:30,21:30
C518,3,12:39,14:45
C518,5,18:30,21:30
C518,6,08:46,11:27
C518,7,11:15,14:51
C519,3,08:30,11:30
C519,3,13:30,17:00
C519,4,08:30,11:30
C519,4,13:30,17:00
C519,5,08:30,11:30
C519,5,13:30,17:00
C519,6,08:00,21:00
C520,2,09:33,10:53
C520,3,18:30,21:30
C520,6,08:00,21:00
C521,1,08:30,11:30
C521,1,13:30,17:00
C521,3,18:30,21:30
C521,5,18:30,21:30
C521,7,08:00,21:00
C522,1,18:30,21:30
C522,2,08:30,11:30
C522,2,13:30,17:00
C522,4,08:30,11:30
C522,4,13:30,17:00
C522,6,08:00,21:00
C522,7,08:00,21:00
C523,1,08:30,11:30
C523,1,13:30,17:00
C523,3,09:39,13:00
C523,4,18:30,21:30
C524,2,14:00,15:21
C524,3,18:30,21:30
C524,5,18:30,21:30
C524,6,12:14,15:15
C525,1,18:30,21:30
C525,3,10:41,13:44
C525,5,18:30,21:30
C526,1,12:27,15:31
C526,2,15:10,17:47
C526,3,08:30,11:30
C526,3,13:30,17:00
C526,4,18:30,21:30
C526,5,08:30,11:30
C526,5,13:30,17:00
C526,7,07:23,10:21
C527,1,08:30,11:30
C527,1,13:30,17:00
C527,2,08:30,11:30
C527,2,13:30,17:00
C527,3,18:30,21:30
C527,4,08:30,11:30
C527,4,13:30,17:00
C527,5,18:30,21:30
C527,6,08:00,21:00
C528,1,14:18,15:55
C528,2,12:16,13:42
C528,4,13:55,15:28
C528,5,12:22,15:25
C529,1,11:48,13:36
C529,5,18:30,21:30
C530,5,18:30,21:30
C530,7,08:00,21:00
C531,1,08:30,11:30
C531,1,13:30,17:00
C531,2,18:30,21:30
C531,3,18:30,21:30
C531,4,18:30,21:30
C531,5,18:30,21:30
C532,5,18:30,21:30
C532,6,07:36,09:50
C533,3,18:30,21:30
C533,4,18:30,21:30
C533,6,08:00,21:00
C534,1,08:30,11:30
C534,1,13:30,17:00
C534,2,18:30,21:30
C534,3,08:50,10:15
C534,4,08:30,11:30
C534,4,13:30,17:00
C534,5,16:23,20:19
C534,6,10:46,12:58
C534,7,09:11,12:53
C535,1,08:30,11:30
C535,1,13:30,17:00
C535,2,18:30,21:30
C535,3,18:30,21:30
C535,4,18:30,21:30
C536,3,18:30,21:30
C536,6,07:04,10:43
C537,1,18:30,21:30
C537,4,08:30,11:30
C537,4,13:30,17:00
C537,6,08:00,21:00
C538,2,08:30,11:30
C538,2,13:30,17:00
C538,4,18:30,21:30
C538,6,08:00,21:00
C539,1,11:47,15:42
C539,2,16:03,17:39
C539,3,14:56,18:46
C539,4,08:30,11:30
C539,4,13:30,17:00
C539,7,08:00,21:00
C540,1,18:57,21:37
C540,2,18:24,20:14
C540,3,08:30,11:30
C540,3,13:30,17:00
C540,4,18:30,21:30
C540,5,11:51,15:22
C540,6,08:00,21:00
C540,7,10:53,15:45
C541,1,18:30,21:30
C541,4,08:12,10:26
C541,5,18:30,21:30
C541,7,08:00,21:00
C542,1,16:18,18:35
C542,2,18:30,21:30
C542,3,13:49,15:19
C542,4,08:30,11:30
C542,4,13:30,17:00
C542,5,08:30,11:30
C542,5,13:30,17:00
C543,2,08:30,11:30
C543,2,13:30,17:00
C543,7,08:00,21:00
C544,2,11:28,12:56
C544,3,18:30,21:30
C544,4,08:30,11:30
C544,4,13:30,17:00
C544,7,08:00,21:00
C545,2,14:14,15:51
C545,3,18:30,21:30
C545,4,18:30,21:30
C545,7,13:14,18:59
C546,1,12:20,13:33
C546,6,08:00,21:00
C547,1,08:30,11:30
C547,1,13:30,17:00
C547,4,08:30,11:30
C547,4,13:30,17:00
C547,5,18:30,21:30
C548,1,18:30,21:30
C548,2,18:30,21:30
C548,3,07:29,09:33
C548,4,08:30,11:30
C548,4,13:30,17:00
C548,5,18:30,21:30
C548,6,13:28,19:04
C548,7,08:19,13:36
C549,1,18:30,21:30
C549,2,18:30,21:30
C549,4,18:30,21:30
C550,2,14:35,16:13
C550,3,18:30,21:30
C550,4,18:30,21:30
C550,5,18:30,21:30
C550,7,08:00,21:00
C551,1,18:30,21:30
C551,2,15:13,18:05
C551,5,18:30,21:30
C551,6,08:00,21:00
C552,1,08:30,11:30
C552,1,13:30,17:00
C552,2,08:30,11:30
C552,2,13:30,17:00
C552,5,08:30,11:30
C552,5,13:30,17:00
C553,1,18:30,21:30
C553,2,18:30,21:30
C553,3,18:30,21:30
C553,4,08:30,11:30
C553,4,13:30,17:00
C553,5,08:30,11:30
C553,5,13:30,17:00
C553,7,12:49,17:14
C554,2,08:30,11:30
C554,2,13:30,17:00
C554,5,18:30,21:30
C555,2,07:05,08:24
C555,3,10:51,13:24
C555,4,18:30,21:30
C555,6,08:00,21:00
C555,7,08:14,14:12
C556,1,08:30,11:30
C556,1,13:30,17:00
C556,5,07:49,10:52
C556,7,08:00,21:00
C557,2,08:30,11:30
C557,2,13:30,17:00
C557,3,18:44,20:19
C557,4,18:30,21:30
C557,6,08:00,21:00
C557,7,08:00,21:00
C558,1,18:30,21:30
C558,2,18:30,21:30
C558,3,18:30,21:30
C558,4,08:30,11:30
C558,4,13:30,17:00
C558,5,18:30,21:30
C558,6,13:37,19:24
C558,7,08:00,21:00
C559,1,18:30,21:30
C560,1,18:30,21:30
C560,3,18:30,21:30
C560,6,08:00,21:00
C560,7,07:39,13:07
C561,3,18:30,21:30
C561,5,16:15,18:40
C561,6,08:00,21:00
C562,2,18:30,21:30
C562,4,08:30,11:30
C562,4,13:30,17:00
C562,5,08:30,11:30
C562,5,13:30,17:00
C562,7,08:00,21:00
C563,1,08:30,11:30
C563,1,13:30,17:00
C563,4,18:30,21:30
C563,5,07:17,08:45
C563,6,08:00,21:00
C564,1,18:30,21:30
C564,2,18:30,21:30
C564,3,08:30,11:30
C564,3,13:30,17:00
C564,4,08:30,11:30
C564,4,13:30,17:00
C564,6,09:58,13:36
C564,7,08:00,21:00
C565,1,18:30,21:30
C565,5,18:30,21:30
C565,6,08:00,21:00
C565,7,09:55,12:09
C566,1,15:14,19:01
C566,2,10:34,12:08
C566,3,08:30,11:30
C566,3,13:30,17:00
C566,4,08:30,11:30
C566,4,13:30,17:00
C567,1,18:30,21:30
C567,4,13:19,16:17
C567,5,08:46,10:47
C567,6,08:00,21:00
C568,1,14:48,18:09
C568,2,08:30,11:30
C568,2,13:30,17:00
C568,3,09:14,10:44
C568,6,11:45,14:58
C568,7,08:00,21:00
C569,1,18:30,21:30
C569,4,13:02,14:37
C569,7,08:00,21:00
C570,1,18:30,21:30
C570,2,18:30,21:30
C570,3,18:30,21:30
C570,4,08:30,11:30
C570,4,13:30,17:00
C570,5,18:30,21:30
C570,6,08:00,21:00
C570,7,08:00,21:00
C571,1,15:20,18:50
C571,2,16:14,17:25
C571,3,08:23,11:30
C571,6,08:00,21:00
C571,7,13:17,16:54
C572,1,16:31,18:00
C572,2,08:30,11:30
C572,2,13:30,17:00
C572,3,18:30,21:30
C572,4,08:30,11:30
C572,4,13:30,17:00
C572,5,10:57,12:48
C572,7,08:00,21:00
C573,1,18:30,21:30
C573,2,12:53,15:07
C573,3,08:30,11:30
C573,3,13:30,17:00
C573,4,09:58,13:03
C574,1,08:30,11:30
C574,1,13:30,17:00
C574,2,18:30,21:30
C574,4,18:30,21:30
C574,5,08:30,11:30
C574,5,13:30,17:00
C574,6,08:00,21:00
C575,1,08:30,11:30
C575,1,13:30,17:00
C575,3,08:30,11:30
C575,3,13:30,17:00
C575,4,18:30,21:30
C575,7,13:16,16:29
C576,1,11:12,14:05
C576,5,18:22,21:46
C576,7,08:00,21:00
C577,1,18:30,21:30
C577,2,14:01,16:06
C577,3,18:30,21:30
C577,4,08:30,11:30
C577,4,13:30,17:00
C577,5,18:30,21:30
C577,6,09:29,13:18
C577,7,08:00,21:00
C578,1,12:32,15:31
C578,2,18:30,21:30
C578,3,18:30,21:30
C578,4,18:30,21:30
C578,5,08:30,11:30
C578,5,13:30,17:00
C579,7,08:00,21:00
C580,5,18:30,21:30
C580,7,08:00,21:00
C581,2,09:37,10:47
C581,3,18:30,21:30
C581,4,08:30,11:30
C581,4,13:30,17:00
C581,5,18:30,21:30
C582,1,18:30,21:30
C582,2,18:30,21:30
C582,3,08:30,11:30
C582,3,13:30,17:00
C582,5,17:14,18:27
C583,2,18:30,21:30
C583,3,08:30,11:30
C583,3,13:30,17:00
C583,4,08:30,11:30
C583,4,13:30,17:00
C583,7,08:18,10:50
C584,1,16:24,18:55
C584,2,18:30,21:30
C584,3,08:30,11:30
C584,3,13:30,17:00
C584,5,18:30,21:30
C585,3,18:30,21:30
C585,4,18:30,21:30
C585,7,08:00,21:00
C586,1,18:30,21:30
C586,2,10:29,12:57
C586,3,08:30,11:30
C586,3,13:30,17:00
C586,5,08:30,11:30
C586,5,13:30,17:00
C586,6,11:43,15:09
C587,3,18:30,21:30
C587,6,12:29,17:02
C588,7,12:32,16:42
C589,1,18:30,21:30
C589,2,18:30,21:30
C589,3,08:30,11:30
C589,3,13:30,17:00
C589,4,18:30,21:30
C589,5,18:01,21:58
C590,3,08:30,11:30
C590,3,13:30,17:00
C590,4,07:10,08:52
C590,5,18:30,21:30
C590,6,07:56,10:56
C591,2,08:30,11:30
C591,2,13:30,17:00
C591,3,18:30,21:30
C591,5,08:30,11:30
C591,5,13:30,17:00
C591,6,08:00,21:00
C591,7,08:00,21:00
C592,4,18:07,21:45
C592,7,09:41,15:39
C593,1,18:30,21:30
C593,2,08:30,11:30
C593,2,13:30,17:00
C593,4,14:02,17:39
C593,7,10:39,16:28
C594,1,08:30,11:30
C594,1,13:30,17:00
C594,5,08:30,11:30
C594,5,13:30,17:00
C595,4,09:06,13:01
C595,6,08:00,21:00
C596,5,18:30,21:30
C596,6,08:00,21:00
C597,1,08:30,11:30
C597,1,13:30,17:00
C597,3,08:30,11:30
C597,3,13:30,17:00
C597,4,18:30,21:30
C597,5,07:34,10:38
C597,6,08:00,21:00
C597,7,08:00,21:00
C598,1,13:23,14:29
C598,2,07:58,11:05
C598,4,09:36,11:20
C598,5,18:30,21:30
C598,7,08:00,21:00
C599,4,18:30,21:30
C599,5,17:25,19:44
C599,7,08:00,21:00
C600,1,17:48,21:02
C600,2,08:30,11:30
C600,2,13:30,17:00
C600,4,18:30,21:30
